- year: 2021
  title: 39th CGVC Computer Graphics & Visual Computing Conference
  location: University of Lincoln, UK
  date: 8 September
  website: https://cgvc.org.uk/CGVC2022
  proceedings: https://diglib.eg.org/handle/10.2312/2633082

- year: 2020
  title: 38th CGVC Computer Graphics & Visual Computing Conference
  location: King’s College London, UK
  date: 10 September
  website: https://cgvc.org.uk/CGVC2020
  proceedings: https://diglib.eg.org/handle/10.2312/2632929

- year: 2019
  title: 37th CGVC Computer Graphics & Visual Computing Conference
  location: Bangor University, UK
  date: 12 September
  website: http://eguk.bangor.ac.uk/CGVC2019/index.html
  proceedings: https://diglib.eg.org/handle/10.2312/2632803

- year: 2018
  title: 36th CGVC Computer Graphics & Visual Computing Conference
  location: Swansea University, UK
  date: 13 September
  website: /CGVC2018/index.html
  proceedings: https://dl.acm.org/doi/proceedings/10.5555/3301447

- year: 2017
  title: 37th CGVC Computer Graphics & Visual Computing Conference
  location: Manchester Metropolitan University, UK
  date: 15 September
  website: http://eguk.bangor.ac.uk/CGVC2017/index.html
  proceedings: https://dl.acm.org/doi/proceedings/10.5555/3298690

- year: 2016
  title: 34th CGVC Computer Graphics & Visual Computing Conference
  location: Bournemouth University, UK
  date: 15 September
  website: http://eguk.bangor.ac.uk/CGVC2016/index.html
  proceedings: https://dl.acm.org/doi/proceedings/10.5555/3056482

- year: 2015
  title: 33rd CGVC Computer Graphics & Visual Computing Conference
  location: University College London, UK
  date: 16 September
  website: http://http://cgvc15.cs.ucl.ac.uk/
  proceedings: https://diglib.eg.org/handle/10.2312/13226

- year: 2014
  title: 32nd CGVC Computer Graphics & Visual Computing Conference
  location: University of Leeds, UK
  date: 10 September
  website: http://eguk.bangor.ac.uk/CGVC2014/index.html
  proceedings: https://diglib.eg.org/handle/10.2312/7743

- year: 2013
  title: 31st TPCG Theory and Practice of Computer Graphics Conference
  location: University of Bath, UK
  date: 05 September
  website: http://eguk.bangor.ac.uk/TPCG13/index.html
  proceedings: https://diglib.eg.org/handle/10.2312/908

- year: 2012
  title: 30th TPCG Theory and Practice of Computer Graphics Conference
  location: Rutherford Appleton Laboratory, UK
  date: 13 September
  website: http://eguk.bangor.ac.uk/TPCG12/index.html
  proceedings: https://diglib.eg.org/handle/10.2312/907

- year: 2011
  title: 29th TPCG Theory and Practice of Computer Graphics Conference
  location: Warwick University, UK
  date: 07 September
  website: http://eguk.bangor.ac.uk/TPCG11/index.html
  proceedings: https://diglib.eg.org/handle/10.2312/906

- year: 2010
  title: 28th TPCG Theory and Practice of Computer Graphics Conference
  location: University of Sheffield, UK
  date: 06 September
  website: http://eguk.bangor.ac.uk/TPCG10/index.html
  proceedings: https://diglib.eg.org/handle/10.2312/905

- year: 2009
  title: 27th TPCG Theory and Practice of Computer Graphics Conference
  location: Cardiff University, UK
  date: 17 June
  website: http://eguk.bangor.ac.uk/TPCG09/index.html
  proceedings: https://diglib.eg.org/handle/10.2312/904

- year: 2008
  title: 26th TPCG Theory and Practice of Computer Graphics Conference
  location: University of Manchester, UK
  date: 09 June
  website: http://eguk.bangor.ac.uk/TPCG08/index.html
  proceedings: https://diglib.eg.org/handle/10.2312/903

- year: 2007
  title: 25th TPCG Theory and Practice of Computer Graphics Conference
  location: University of Wales, Bangor, UK
  date: 13 June
  website: http://eguk.bangor.ac.uk/TPCG07/index.html
  proceedings: https://diglib.eg.org/handle/10.2312/902

- year: 2006
  title: 24th TPCG Theory and Practice of Computer Graphics Conference
  location: University of Teesside, UK
  date: 22 June
  website: http://eguk.bangor.ac.uk/TPCG06/index.html
  proceedings: https://diglib.eg.org/handle/10.2312/901

- year: 2005
  title: 23rd TPCG Theory and Practice of Computer Graphics Conference
  location: University of Kent, UK
  date: 15 June
  website: http://eguk.bangor.ac.uk/TPCG05/index.html
  proceedings: https://diglib.eg.org/handle/10.2312/900

- year: 2004
  title: 22nd TPCG Theory and Practice of Computer Graphics Conference
  location: University of Bournemouth, UK
  date: 08 June
  website: http://eguk.bangor.ac.uk/TPCG04/index.html

- year: 2003
  title: 21st TPCG Theory and Practice of Computer Graphics Conference
  location: University of Birmingham, UK
  date: 03 June
  website: http://eguk.bangor.ac.uk/TPCG03/index.html

- year: 2002
  title: 20th EGUK Annual Eurographics UK Conference
  location: De Montfort University, Leicester, UK
  date: June


  # website: http://eguk.bangor.ac.uk/DMU02/index.html
- year: 2001
  title: 19th EGUK Annual Eurographics UK Conference
  location: University College London, UK
  date: 03 April
  website: http://eguk.bangor.ac.uk/UCL01/index.html

- year: 2000
  title: 18th EGUK Annual Eurographics UK Conference
  location: Swansea University, UK
  date: 04 April
  website: http://eguk.bangor.ac.uk/Swansea00/index.html

- year: 1999
  title: 17th EGUK Annual Eurographics UK Conference
  location: University of Cambridge, UK
  date: 13 April
  website: http://eguk.bangor.ac.uk/Camb99/index.html

- year: 1998
  title: 16th EGUK Annual Eurographics UK Conference
  location: University of Leeds, UK
  date: 25 March
  website: http://eguk.bangor.ac.uk/Leeds98/index.html

- year: 1997
  title: 15th EGUK Annual Eurographics UK Conference
  location: University of East Anglia, UK
  date: 24 March
  website: http://eguk.bangor.ac.uk/UEA97/index.html

- year: 1996
  title: 14th EGUK Annual Eurographics UK Conference
  location: London, UK

- year: 1995
  title: 13rd EGUK Annual Eurographics UK Conference
  location: Loughborough, UK

- year: 1994
  title: 12nd EGUK Annual Eurographics UK Conference
  location: Oxford, UK

- year: 1993
  title: 11st EGUK Annual Eurographics UK Conference
  location: York, UK

- year: 1992
  title: 10th EGUK Annual Eurographics UK Conference
  location: Edinburgh, UK

- year: 1991
  title: 9th EGUK Annual Eurographics UK Conference
  location: University of Sheffield, UK

- year: 1990
  title: 8th EGUK Annual Eurographics UK Conference
  location: University of Bath, UK

- year: 1989
  title: 7th EGUK Annual Eurographics UK Conference
  location: Manchester, UK

- year: 1988
  title: 6th EGUK Annual Eurographics UK Conference
  location: Sussex, UK

- year: 1987
  title: 5th EGUK Annual Eurographics UK Conference
  location: Norwich, UK

- year: 1986
  title: 4th EGUK Annual Eurographics UK Conference
  location: Glasgow, UK

- year: 1985
  title: 3rd EGUK Annual Eurographics UK Conference
  location: University of Bath, UK

- year: 1984
  title: 2nd EGUK Annual Eurographics UK Conference
  location: University of Kent, UK

- year: 1983
  title: 1st EGUK Annual Eurographics UK Conference
  location: University of York, UK
  date: 28 March

- year: 1982
  title: 'First event: one day seminar on "3D Computer Graphics"'
  location: Rutherford Appleton Laboratory, UK
  date_in: Summer

- year: 1981
  title: The Founding of Eurographics UK Chapter 
  date_in: December
  pdf: 'EGUK-History.pdf'
  pdf_intro: 'History of the Chapter'
